 "index,        CustomerID,             Lookalikes,Scores"
"0,C0001, ""C0097,C0020,C0190"", ""0.4472135954999579,0.4472135954999579,0.39999999999999997"""
"1,C0002, ""C0109,C0008,C0071"", ""0.41602514716892186,0.31622776601683794,0.2886751345948129"""
"2,C0003, ""C0134,C0181,C0144"", ""0.4472135954999579,0.4082482904638631,0.35355339059327373"""
"3,C0004, ""C0070,C0065,C0182"", ""0.35355339059327373,0.33541019662496846,0.3162277660168379"""
"4,C0005, ""C0096,C0003,C0168"", ""0.5163977794943223,0.2886751345948129,0.2886751345948129"""
